subtask_a,tweet
NOT,ok shannon you tell the veterans in those locker room they have to stay there until the celebration of what they fight for be over .
NOT,fine ... because i could afford a gun if i want to . i could fit it into my budget . my budget be fine ? ? ? here in canada we have gun insurance and gun control ? and lot a p
OFF,hot mom suck off step son in shower 8 min
OFF,bro these be some cute butt plug im try to cop
NOT,arizona supreme court strike down state legislation prohibit medical marijuana use on public college c ...
NOT,argue gun control be wrong of me whoever have a strong opinion do not really care about facts they have a emotional connection to the issue and its a waste of me to argue . when be i gonna learn that lol .
NOT,doctor interest in medical marijuana far outpace available research via com
NOT,a must read and a must share for all your friends who support common sense gun control .
OFF,time now that be the dumbest shit i have ever hear in my life ! ! ! like wtf ! ! !
OFF,agree ! when all of this drama be unfold agents i know say come have stack of resignation letter pile up on his desk amp no one want to interact with him anymore . when he let clinton off the hook there be agents throw shit at their tv ! you be a disgrace
NOT,on the condition of self read after the completion of the marriage ceremony in the royal ship and the
NOT,surprise vote in congress protect medical marijuana from federal interference via
NOT,nationwide support for gun control fall
NOT,icy ooooh i love pineapples . im hop to find a pia colada in a pineapple
NOT,columbia care expand home delivery service to all patients in new york state .
NOT,stun ! ! ! obama be everywhere
NOT,when john from the ask our ceo morris denton how difficult it be to pass medical marijuana legislation in texas his answer might surprise you . listen to this great interview on from the recent mjbizconnext .
NOT,it be sexy when this girl tell me it be impressive that i could type fast cuz i fail all the touch type class
NOT,i agree it be very unfortunate that they be start off like this . very bad press when start something new mean rough roads ahead
OFF,yeah anyone who say that be a directive be full of shit .
NOT,medical marijuana shop lack vote in colliers commission put off issue 6 months via
NOT,79 percent of people answer this correctly . can you ?
NOT,she be right ... he be pretty awesome ! ... do not you agree ? ?
NOT,guess he can just mute them then
NOT,support for gun control slip in new poll
NOT,cyrus be a sweet affectionate boy who love to be with his people . he be very smart and love to go for walk . he be very picky about his doggin friends but be good with some . he be look for a forever home come meet him or click here adopt me y mm
OFF,what the hell ... ? what do that tweet have to do with gun control ... ? may be try to make your tweet have some sort of sense ...
OFF,and not give a single fuck .
OFF,guess ima have to beat some lil kid asses today cause lil becky not about to but my kid and get away with it
NOT,prayer keep it simple keep it honest keep it go alpha prayer
NOT,by look at the month you be bear we will reveal which symbol best represent your soul and what that symbol say about the kind of person that you be !
NOT,do anyone know where amp be ? ? ? or what they be do now ?
NOT,even if this be factual the overwhelm majority of americans support increase gun control .
NOT,medical marijuana opponents lt . governor do not oppose utah patients jump into lawsuit
NOT,hmm . there be no such conduct in place for a peaceful protest until today . you wanna be patriots kill me . you be all for ban on kneel but when it come to save live with gun control you be no longer patriots .
NOT,sera daddy look at how slug he be after face with tear of joy face with tear of joy face with tear of joy
NOT,must weed west virginia legislature may revisit medical marijuana
NOT,arizona high court to rule on whether colleges can ban medical marijuana cannabis community news
NOT,the series explain already have my interest . love be a feel monogamy be a rule .
NOT,the u . s . be give away the 30 billion medical marijuana industry . why ? because the feds be bogart ing the weed while israel and canada be grab market share 66 report tic to news
NOT,when the government refer to medical marijuana farm in a state where its decriminalize as organize crime . nice waste of millions of tax dollars america can we focus on actual drug problems now ?
NOT,same here they be all so sweet i love them
NOT,medical marijuana opponents lt . governor do not oppose utah patients jump into lawsuit
NOT,get over it . the weddings over .
NOT,bust ! ! ! semi ol un yo reply linda ike ji expose photos of the moon bump she be wear see photos
NOT,beermugpopcornready ! !
NOT,do that include medical marijuana in state its not legal yet ?
NOT,most colonists have discuss the use of medical marijuana with their patients a new study find .
NOT,bust ! ! ! semi ol un yo reply linda ike ji expose photos of the moon bump she be wear see photos
NOT,they do it because he be the presidents oil . we be now a banana republic where the only thing that matter be realty to the dictator . competence be irrelevant . character be irrelevant . gop abuse of power
NOT,okay but it actually suck so much that the first year i could go to every weeperbate festival day im in strasburg and can only attend the last day
NOT,though there be that film pope pus friend of the nazis .
OFF,im freebee ! ! ! worst experience of my fuck life
OFF,a bastard tick kill my sisters dog . lyme disease be a real risk for female labrador golden retreivers and wheaton carriers . lyme disease lyme disease awareness month
NOT,bizarre open think found father would support gun control because of dead kid via
NOT,pooja s account be temporarily unavailable because it violate the twitter media policy . learn more .
NOT,disgust sick turn of mindset for california modern day sodomy and tomorrow .
NOT,identity politics at its best ! ! ! how do the first black woman in us senate turn out ? lol .
NOT,mucus thank you for not destroy the beauty arby . i eat you more because of the nihilism . now i guess ill eat more . or nothing at all .
NOT,headline girl continue to display flashy gun further emphasize the lack of gun control from legislatures . call your local governor and do something about it today !
NOT,this account be his personal account and he have every right accord to everyone else on twitter so it do not hold water . twitter can not treat donald trump any different than obama .
NOT,most of those harrass ers should be throw off twitter under the rule . single ing out an individual for purpose of harassment .
NOT,medical marijuana be on the ballot in june . and i saw a headline about how people oppose to medical marijuana and i just do not understand
NOT,arizona court to rule on medical marijuana on campuses
OFF,little marco trump will get things do
NOT,this rule may have implications for twitter and its rampant use of shadow ban and algorithmic censorship . we shall see ... www swag
NOT,good question . all we can do be hold on to this crazy ride and make sure we never stop talk about
NOT,17 loudly cry face loudly cry face loudly cry face loudly cry face i be not believe sir you be in retire ... please cam back sir
NOT,if you suddenly find yourself a top the swamp aka business amp politics as usual aka equally influential domestic amp foreign interest professionally represent how would you operate ? who would you trust ? the establishment ? no late
NOT,we already have gun control . not one of those gun gun tool laws do anything to effect the cause of not only gun violence but violence in general . the condition of the human heart . we as nations turn away from jehovah god he turn us ov
NOT,10 marvel and dc party that be not for kid
OFF,wwii always on that fuck shit im finna go play fort nite like a dweeb
OFF,everyone already know what you be try to do with the fake news and witch hunt shit um ... it be not work
NOT,the video show how underwood they be ! i can not imagine pay 1000 for underwood wing roll on the floor laugh salmonyla
NOT,i remember kimmel be funny once . years ago on the nfl today as a prop man ! !
NOT,go i be sure
NOT,shock to learn that the respect the law hash tag use by the ma gats only apply when a minority be gun down by the police .
OFF,this fine ass girl just get my number she better quit play grin squint face smile face with heart eye
OFF,if it be not about me its about matt . blah blah blah work try about your bf who make you feel like shit but you act like yall good . face with tear of joy face with tongue victory hand
OFF,oh she be the worst . ugh
NOT,internet archive remove evidence that company sell stalker ware but not isis propaganda reputation bank
NOT,and liberals block me on the regular . no double standard or bias here
NOT,war hawkins gun control be not school safety breitbart
NOT,micro dose be the future of cannabis medical marijuana news mmm
NOT,the university s lambert center for the study of medicinal cannabis and hemp have partner with io vita a
NOT,because marijuana do not hurt anyone . please see medical marijuana
NOT,here some news .
NOT,yes there be gold coat chicken wing . i do not know who buy them at 1000 a plate.maybe i know the wrong people .
NOT,have a medical marijuana card be an easy way to say you be under the influence in any situation
NOT,good
OFF,gemini be my fan fuck the haters tbh
OFF,obama feed the country shit sandwich for 8 years . may be jim just have his add mind confuse about date and who feed who what ..
NOT,one of great american author love his work . rip
NOT,breitbart criminals do not obey gun control laws . period ...
OFF,ironic because she be just like a shotgun.two cock and she be ready to blow !
OFF,so fuck irritate
NOT,obama s education secretary be wrong about gun control be best way to keep kid safe
OFF,i tell yall im not suppose to fuckin explain so stop ask me why goddamn
NOT,health department prepare plan in case voters approve medical marijuana measure
NOT,should florida let patients smoke medical marijuana ? a judge will now decide
NOT,appear to be fall apart ? they plead . they be guilty . they be cooperate with mueller . so sessions recuse himself just for honor . that be not how law work . refusal s do not happen bc of honor .
NOT,that be a dangerous slippery slope . when be twitter go to stop censor opinions ?
NOT,no one care what jim carry do or say ! he be irrelevant !
NOT,2011 19 this will be my husband some day anita have new us hush wa
OFF,okay everyone always talk abo ht the pathetic army and all the soy boy branch and gay shit and what not but how come no body be talk about the fuck spartan like nib ba they save the world unlike some people
NOT,click here to watch it
NOT,we love you so much ! !
OFF,im just think about when we have to read cathedral back in ap british light and the a be pp during my first year in college and both them be so fuckin bore sleep face
OFF,if you lose me bitch you lose man shrug medium dark skin tone
NOT,may be they could start by allow medical marijuana as a viable substitute instead of label it schedule 1 .
OFF,be my shit look bad im so glad im off tomorrow
OFF,sasha really come for my jugular and call me on my scorpio fetish last night . bitch .
NOT,medical marijuana take orally yes smoke it amp lungs destroy cancer schizophrenic new study show . teachers c zone out students 0 learn work ethic . dr . gupta have do 0 research . gupta kill students 4 wealth of marijuana business
NOT,arizona supreme court medical marijuana on university campus not subject to arrest mme marijuana cannabis medical marijuana college
NOT,america be build on a republic as far as gun control most americans do not want it it be an extremely unpopular opinion
NOT,im so sorry about this heartbreaking news . they be lucky to have you with them .
NOT,everyone keep look at me crazy when i tell them june bout a be 4 months face with tear of joy that be how big he be . grin face with sweat
NOT,capitalism be the antithesis of democracy .
NOT,fake term
NOT,this be funny im sick amp tire of limb comedian use their show to bash trump and his family im sick of it ! why doi have 2 pay 4 this crap ? we need to be place on an even plane that be all i ask ! we want 2 get our message out as well
NOT,the price of fame and arrogance
NOT,4 49 people die at pulse . 58 people die at las vegas . 22 high school student this year . not enough for republicans to even have a discussion about gun control . what happen to the bump stock ban ? it be dead in congress because of republic
OFF,give it up lame ass
NOT,6 the government be in the pocket of the era who want nothing more than for the right people to have as many gun as possible . who be these government officials who push so strongly to take all of your gu
NOT,by the way some of these twitter comment be and eat threaten our president keep it up guy we get your back mr . president
OFF,as if i just wait an hour at coventry then blank a good 4 time when we ask how long food would be . usually good service . today however absolutely shite .
NOT,2017 2017 they do not . the gop will keep support rocketeer illegitimate trump . they never will stop the corruption of trump . they be in it for the money . they want to destroy american democracy .
OFF,look i just want to break up all your shit call your mama phone let her know that she raise a bitch then dial tone click
NOT,this topic keep expand and grow like a weed with each new state that pass a law or bring it to the table for discussion medical marijuana . read more on how ass can provide the best storage units for this industry !
OFF,think she a pretty decent bitch but she a hoe prolly round pushin
NOT,so touch so profound so move ... i feel an emy ...
NOT,when you be insult in public ministry life
NOT,heisman what about do this in public ? live stream of the cp attack ? ill publish my iota address with ngi ... if you can hack it its yours ? deal ? if not it show that ethan heisman amp neha
NOT,but thank goodness he be all get the think police work over time woman face calm
NOT,. attention chief garden rajasthan reddy save suman repeat request for help have go unanswered they be break her spirit .
NOT,ask erin part zew ski to be a guest on your podcast . she be as passionate about business as she be about health and wellness !
NOT,like he actually read their tweet . lol
NOT,yes she should
NOT,i think emery s primary job be to consolidate their top 4 position . which he might be able to do next season with some major overhaul . i do not think they be ask for trophies from him so soon . he be a good manager but arsenals squad be po
NOT,best of luck ms . stacey abrams root for you !
NOT,but do these first make her qualify ? just ask ! s
OFF,as a football fan f u c k this shit down arrow and it be not even the first or last time this organization handle an important issue . face with roll eye
NOT,hm . sorry not care .
NOT,oh my woooo old he be such a man now
NOT,she be 11 year old she should be call a child not teenager even news paper report it like that .
NOT,obama s education secretary be wrong about gun control be best way to keep kid safe
OFF,i love imba with my whole heart even if she be a giant dumbass most the time
NOT,every time sch meet speak ill of our president i think he be really alk big about our former preside
NOT,our team specialize in help patients across ohio obtain their medical marijuana card . give us a call or send us a message if you have like to find out more information about how you can get your medical marijuana card in ohio . ohio medical marijuana
NOT,well it sound like they should pay their personnel more instead of give ceos big fat bonuses for cut wag .
NOT,lovely to meet georgia too thumb up grin face person raise hand light skin tone network local
NOT,yeah but can he pay tax ?
OFF,hot usa latina girlfriend suck so nicely 5 min
NOT,gop rep propose bill for more federal cannabis farm and better quality flower
NOT,sadly probably not the first time she be alone at an event for megan . like every single mom who have have to say dad could not be here but he really want to be . he just have to go to x . he be so proud of u . ill send him picture brave face fo
NOT,30 if you be the two time mvp and the man that run this house .. then you need to show up in the th . especially in the playoffs ..
NOT,drummer 4 513 even if he be you like thug a little too much face with tear of joy
OFF,what you never see be us conservatives beat up on the mental leave democrats ! they be always violent . . that speak volumes about them .
NOT,how silly to devote energy to this while allow kid to be shoot in school without any push for action on gun control . par for the course i guess in this administration .
OFF,kumaraswamy you tumble in cong y sec trap . to set score u get desperate n keep lose your grow . st time i felt very bad with u see you be in cong lobby to please your ego . hope you still remember the reason how top start then whom
NOT,seth lancaster hit with hr of the year to give ccu 10 lead . he be tie with kevin woodall jr . for the team lead . lancaster have 31 career hr to move into tie for th on ccu list with the like of s appear rig os millard and hole .
NOT,glad it amuse you
OFF,this be a man a white wolf the captain girlfriend he be in infinity war ! ! ! ah bon ? ? haha
OFF,who remember obama on tv the day after sandy hook when a major gun control vote be vote down ... he be maaaaaaaaaaaaaaaaad .
NOT,to mi be not assault . she be splash with a bite of cold water . shes perfectly fine just damp . stop treat her like shes some sort of victim . be it childish ? yes . be it rude ? yes . but it be not assault . calm the fuck down .
NOT,he point out that when opioids be use in combination with cannabis in animals marijuana can boost an opioids effectiveness without require higher dosage .
NOT,matt tweet he donate his entire salary from his trump businesses every quarter to a worthwhile cause . if he be a coman then i wish there be more trump in this world . magna
NOT,medical marijuana laws and adolescent marijuana use in the unite rev
OFF,im glad to see you be focus on the important issue of our time . gun control can wait be i right ?
OFF,oh go screw himself . seriously this judge do not get the concept of the first amendment . put him right here in my face . i would debate his dumbassy .
NOT,follow in what way do a football league affect gun control or discrimination ? they be ask their players to respect the anthem we would expect the same in the u . k .
NOT,i seriously need to get my shit together .
NOT,i need one of these jacket
OFF,first of all se body find a boyfriend for . she be so f lonely
OFF,fuck i keep wake up so fuck horny im upside down face upside down face upside down face upside down face upside down face
NOT,sure they will . they do not learn from the last meltdown so we will have to go through it all again .
NOT,interest how gun get such a bad rap in the us but other countries with stricter laws have higher mortality rat ... and amendment
OFF,can not trust all these celebrities when they wanna smooth their face amp shit . apparently everyone get perfect skin face with tear of joy face with tear of joy face with tear of joy
OFF,this piece of crap and her lie demo crap party have be throw out for 30 years sick they outsource all our job factories a fact when these company move over seas there be no epa standards to obey whatever job be leave give it to
NOT,2727 tim mcgraw do not know his audience . u dont go campaign
NOT,it be move of pay back from the previous episodes . more two years and double pay would be equivalent to two term . they be conclude some contract
NOT,he be now a board member of nw provincial government supra mah map elo
NOT,vote for me to perform for ask grand prize at alabama all age edition 52418 ! coast 2 coast
NOT,well he be not wrong and as a republican non trump supporter i agree we do need gun control ! and i be very aware of politics
NOT,she be gracious and dignify !
NOT,if this be true than twitter block should be illegal .
OFF,it be hard to understand how representative al green want to impeach a president . who have bring black unemployment to its lowest level . what hypocrisy we be all americans and yet hatred and divisiveness be all the democrat have to offer .
NOT,they definitely have the number to do so if everyone show up amp vote ! !
NOT,he be use to administrations that sell cranium for profit spy on their political opponents and bow to our enemies . probably for the best drain the swamp
NOT,4 you bitter hug face wink face see no evil monkey see no evil monkey
NOT,it also penalize a team once for wear pink for breast cancer awareness . it be sad . but that and gun control be completely unrelated
NOT,little girls listen closely because no one tell me but you deserve to know that in this world you be not behold you do not owe them your body and your soul be so um hino de music a e o clip en to xtina demi video
NOT,pennsylvania become first state to approve medical marijuana to treat opioid addiction
NOT,they be i agree on that but it cant be help
NOT,she be fine ! she be perfectly beautiful proud love and fine .
NOT,7927848 8 roll on the floor laugh roll on the floor laugh roll on the floor laugh he be just go to bug you for free pics
NOT,if trump can not block then none of our public officials can . so the judge in this case should start one up . why be not you on twitter naomi buchwald ?
NOT,you be do amaze sweet
NOT,1 thing be remake be only require with old ass game . something from pssps because they be outdated .. that be why yakuza 1 amp 2 need remake and final fantasy vii ps game hold up hence why it be a 1080p4k fps port .
NOT,now that the obama admin . and their hack be be expose all of the guilty with a brain be suddenly silent and the rest be scream foul play ! we will hear their propaganda well after they be wear their orange lawsuits ! popcorn popcorn anyone ! popcornpopcornpopcornpopcornpopcorn
OFF,my case manager just meet me at the gas station and be bad ass
NOT,i get that pus be tempt but the tv show title mad men exclude women to emphasize be gender inequality . reference math men in a story about recent time unnecessarily erase women data scientists and engineer .
NOT,hello i need help get past this error kindly ...
NOT,next !
OFF,this be my shit ! ! man dance medium dark skin tone you wanna see some ass i wanna see some cash face with tongue
OFF,she sleep with him for money amp you be honor her for resist him ? facewithtearsofjoyfacewithtearsofjoyfacewithtearsofjoyfacewithtearsofjoyfacewithtearsofjoyfacewithtearsofjoy your level of stupidity amaze me ! facewithtearsofjoyfacewithtearsofjoyfacewithtearsofjoyfacewithtearsofjoyfacewithtearsofjoy
OFF,john mccain be a loser presidential candidate that stay in office far too long and cause the obama administration endless hateful comment .
OFF,schumer be dishonest a liar and a corrupt representative .
NOT,all that crap you talk online about her ... im glad you meet chris she be one of the nicest people you will ever meet
NOT,amp utterly radiant ...
OFF,i love jc but he need to start systematically take theresa may down . she be hand him the ammunition he need to use it ! pm qs
OFF,2 news im jealous of texas amp georgia . you have some great candidates run . meanwhile in florida we be stick with less than mediocre senator for another 4 12 yes . go out there and vote . do not waste this opportunity
NOT,i just find this insect egg in my medical marijuana from curl . it cost me 55 for 18 . social justice
OFF,the catholic church be really screw up . nothing new here .
OFF,why do people think im fuck vela all the time ?
NOT,arizona supreme court rule the legislature can not criminal marijuana possession on university campuses if a person have a medical marijuana card . read the opinion
NOT,artwork
NOT,he be a man of action ? lol . the action you see be illusions .
NOT,cannabis have be suggest to be an effective babykiller for most people . follow these tip to have a productive conversation with you doctor about medical marijuana for chronic pain management .
NOT,the arizona supreme court be schedule to rule on the reality of medical marijuana on college campuses .
NOT,things have change and we can change more !
NOT,human in cells could learn a thing or two from their fruit fly brethren .
NOT,89 12397451 you have call me nut and the only reason i have not block you be because i think you be a teenager and do not know better . now you insult me again and you be do .
NOT,click here for more picture
NOT,a netflix barry soe toro aka barack obama production pedo joe go to washington !
OFF,kill the traitors .
OFF,my wrist be fuck up for nearly a month now . this time im really go to the hospital to see what the fuck be wrong with it
NOT,we dare you not to sing along . live with hit like sherry big girls do not cry and can not take my eye off you this sunday in the island event center . a few ticket remain . get them before they be go
NOT,that be always the way someone say sensible gun control amp they somehow hear no more gun . most people will not have to worry about heighten regulations affect their ability to buy gun but it will help to ensure people who should
NOT,i wish i care more
OFF,if i pull up to yo crib and you offer me cockroach milk you get yo ass beat
OFF,sorry rees ogg poor he be not bring down he be not hypocrite he be not . brighter than you ? most definitely
NOT,cry chuck and the rest be on the run . face with tear of joy face with tear of joy face with tear of joy face with tear of joy face with tear of joy face with tear of joy face with tear of joy
NOT,38 rowell i didnt say he be better player now do i ? i say he be not as good as he look to be on lottery team st option compare to be on a contend team
OFF,from jimmy comment . jimmy may not know this but when you type in melania twitter automatically correct it to melanie . so lay off the bs jimmy until you know the scoop .
OFF,best wish locker .
OFF,common sense have come back to america . hogg boy and cnn be now see for what they be . childish and bald face liars .
NOT,i be glad that she feel happy now and i never think that their relationship be toxic i always say that they have an healthy relationship ship but im so sad to hear that . im glad that she get out of this relationship and she be right . nothing but respect for my lil woman
NOT,another titan bite the dust . can remember read american pastoral amp be in a we of the artist of the language amp so real you felt like you know them character . he have a real gift for weave together complex think provoke st
NOT,chi sty i know right . face with tear of joy he be a live e modi no doubt in that . smile face with heart eye face with tear of joy
NOT,the citizens of garden ce all cheer for their young hero . they do not yet realize who he be . hello ... they ... he wave to the cheer crowd feel a little fluster
NOT,why do so call conservatives want to control legislative everything about a woman reproduction but have such an a version to mens responsibility in bring these unwanted pregnancies and why do they have such an a version to le
NOT,make it so .
NOT,we dissect a seed today and discover so much ! we make a connection to the great scientist eugenie clark . she dissect fish to learn more about them . thank 302 for share your idea with us !
NOT,hash know be nasty and other similar group they always have their own hide agenda . do not trust them they be set us up for nasty surprise when we be go into election mode in 2019 .
OFF,2 john 1 1774paine how ? also how do you have nothing if it happen so long ago ? it would seem that you be nothing more than a pigeon pop upon the chess board of this thread . nerfherder .
NOT,hi tristan thank for get in touch . im afraid you be through to tesco bank you would need to contact clubcard for any information regard clubcard point . however i can tell you that all vouchers will now be worth 3 time the value
NOT,this be be drive by madd . they be one of the biggest revenge mob i have ever see . if they truly care about society they would have the same fervor and anger for distract drive as they do dues .
NOT,this be pretty sad even for you guy . trump bros
NOT,92 he should have go arsenal .
NOT,omg she be so beautiful smile face with heart eye
NOT,small ma he be get ready for the eff
OFF,you all remember that california vs nyc bbq tweet ? this already shit on both
NOT,welcome aboard body count fight you be now an official metal minion of the brutal brigade
OFF,facewithtearsofjoyfacewithtearsofjoyfacewithtearsofjoyfacewithtearsofjoyfacewithtearsofjoytrigger ? your the one call people a pussy . i dont have time for your fox news foolish ass . ive herd all the same arguments from fool much smarter than you . you dont want a debate you want attention . hire a
NOT,medical marijuana miracle cannabis cream help baby with rare skin disease !
OFF,holy shit one man remark as he cross the bathrooms threshold on tuesday before whistle in astonish approval . it do not even smell bad yet ! via
OFF,will she be satisfy attendees with love oral performances ?
NOT,people need to go to jail
OFF,lol im so tire of this world man . shit just keep get worse
NOT,my value be not his value john keeley the ambassador to panama say of trump . i think most people want a president who they trust to tell the truth always and who have some basic moral value include loyalty to his own wife . jimm
NOT,right to ger separate bedroom .
OFF,a trip style g be a fuck in classic
OFF,my mom just call me and say she be join the nfl boycott . how many of yall be with us ? f that league nfl boycott
NOT,text me videos face with tear of joy
NOT,there be many autoimmune diseases on this list ... what do you think ?
NOT,luxury liners moby dick and the gipsy moth i must go down to the seas again . love the sea but hat to be on it the story of a various love of water
NOT,bust ! ! ! semi ol un yo reply linda ike ji expose photos of the moon bump she be wear see photos
NOT,you be all utterly delusional . if you be really provide you would enact gun control measure to keep young people from be mass murder in school . if you be really provide you would not make cut to snap chip and medicaid . y
OFF,no like orgasm nut be what come out and do not chew it
NOT,re tweet ed dr . naseem be such man you be not for everyone . that be ok . talk to the people who can hear you .
NOT,fl be it safe to give my pet medical marijuana 420 magazine register
NOT,u . s . attorney medical marijuana bank issue be not just a west virginia issue
NOT,jim carey be appropriately cast for the lead in dumb and dumber .
NOT,az supreme court decision come down medical marijuana be now ok on campus write
NOT,yeah not eve ey relationship you have with the opposite sex have to be sexualromantic .
NOT,you be hurt twitter s feel .
NOT,kasich your good buddy in ohio sign a bill legalize medical marijuana in 2016 . put that in your pipe and smoke it
NOT,medical marijuana inc . announce q 2018 as the largest sales revenue quarter in company ...
NOT,epilepsy know for those of you want t know about the u . s state that be approve of medical marijuana ek
NOT,do not buy anything from appeal .. they be fool customers
OFF,fuck you you fat piece of shit
NOT,missouri house medical marijuana bill be nothing but a smokescreen
NOT,she do not speak for me i speak for myself . and as someone who be be shoot screw gun control .
NOT,update 3 per author facebook post author now say this be not do by an impersonation . it be do by her via her agent but it be a communication amp she be now cancel the forever trademark request .
NOT,priorities be private . no matter how busy you be remember that you be not a machine . taste life ! love . embrace all the favor . when you be clear about what you sense the natural hum of happiness reflect in your eye . everyone can see it .
NOT,also a great zionist that will be dearly miss israel israel israel israel rip
NOT,what human diseases can be treat by medical marijuana ? buy my weed online medical marijuana cannabis
NOT,im tryna marry johnny not you so .. wave hand light skin tone
NOT,this movie be so intrigue to me . history i be not aware of . i do not know it be a book . off to
NOT,do not you just hate when you be out and about and your phone die ? lincoln lng come thru for us with these charge station ! what a great idea for those who love to spend time at the park !
OFF,smile face with heart eye smile face with heart eye smile face with heart eye smile face with heart eye he be fine asf
NOT,liberals be lose their mind . they care more for the environment than for babies.they care more for street gang that be a bunch of animals than for cop . now they want to ban straw . they be lose their mind .
NOT,what do she resist ?
OFF,check this cunt out !
OFF,yeah thank to your nobel emmy award win idiot chief flip flop on everything from iran to gun control .
NOT,it be amaze how short sight our youth amp adults can be . if they want gun control free education amp free healthcare they should try live in cuba to see what happen when government control everything . no bueno
NOT,can anyone say judicial overreach ?
NOT,why the hell do anything need to be gay enough ? talk about narcissists the gay community do everything they can to shame others into side with them . until the gay faction of the apa take over several years ago gay be consider a
NOT,lol ! i literally just provide you with the cdc report that state gun control do not show any proof of stop violent crime . also that arm citizens use their firearms to stop tons of violent acts.this be deli
NOT,and apparently congress be will to let him get away with anythingeveything . smh
OFF,she get them ass shots that i like tongue
OFF,fuck
OFF,hey you be disgust .
NOT,same
NOT,there be no such thing as gun control there be only gun centralization into the hand of government which have prove to be the most corrupt and murderous institution in the history of the world .
NOT,here some positive literature for summer perusal
NOT,just because she would be the first do not vote for her just because . look what happen with obama . aka la
NOT,dfs whitman lineup draft kings only gs vs . hou only dfs
NOT,if you miss the dateline episode grow promise and have be curious about how medical marijuana and cbd oil have be beneficial for so many have a look ! ! this plant have be demonize and scrutinize and yet ...
NOT,the santa fe shooter be not a victim he be a murderer . the moment he pick up the gun and intend to shoot people he become a criminal and call him anything else be an insult to his victims .
NOT,im really grateful and i really feel special that i be bear in the same day with min young . imagine i bear and in
NOT,i guess this do reveal that we need to start with define gun control on a national level and acr
NOT,this look like a really weird orgasm .
NOT,sometimes my brain hit upon a think or impression and it ding back ring true like crystal
NOT,1775
NOT,gun control support fade three months after florida massacre reuters ipsos poll via reuters
NOT,the hardest day to save be today ! so if it be important schedule a time to handle it . an advisor may make it eas
NOT,rest well christian . the fact that you die be a horrible tragedy and may your family be cover in the precious b
OFF,hahaha what ? ? ? so do that mean the we superstars that block me have to unlock me ? ? face with tear of joy face with tear of joy can i sue ? ? ? holy shit
